Año,Trimestre,ConfianzaConsumidor
2008,Q1,-28.3
2008,Q2,-30.1
2008,Q3,-32.4
2008,Q4,-34.2
2009,Q1,-36.5
2009,Q2,-38.7
2009,Q3,-39.8
2009,Q4,-40.2
2010,Q1,-29.4
2010,Q2,-27.6
2010,Q3,-26.8
2010,Q4,-28.1
2011,Q1,-35.7
2011,Q2,-37.2
2011,Q3,-42.5
2011,Q4,-44.0
2012,Q1,-46.3
2012,Q2,-48.1
2012,Q3,-50.0
2012,Q4,-49.2
2013,Q1,-38.4
2013,Q2,-35.6
2013,Q3,-33.7
2013,Q4,-32.5
