Año,Trimestre,CPI
2008,Q1,92.4
2008,Q2,93.1
2008,Q3,94.0
2008,Q4,94.5
2009,Q1,94.2
2009,Q2,94.0
2009,Q3,94.6
2009,Q4,95.1
2010,Q1,96.0
2010,Q2,96.5
2010,Q3,97.2
2010,Q4,97.8
2011,Q1,99.0
2011,Q2,100.1
2011,Q3,101.0
2011,Q4,101.8
2012,Q1,103.0
2012,Q2,104.2
2012,Q3,105.0
2012,Q4,105.6
2013,Q1,106.0
2013,Q2,106.5
2013,Q3,107.0
2013,Q4,107.4
